answer_id,answers,url
1,Duration of MSIS program is 18 to 27 months. Besides students can also select the program duration based on their preferences of full time or part time course,https://www.scu.edu/business/ms-information-systems/
2,"Yes, we do offer part time courses for MSIS",https://www.scu.edu/business/ms-information-systems/
3,"No, MSIS program can be completed in 18 to 27 months. Besides,students can also select the program duration based on their preferences of full time or part time course",https://www.scu.edu/business/ms-information-systems/
5,"Yes, MSIS program offers students felxibility to complete the program in between 18 to 27 months. Students can select the program duration based on their preferences of full time or part time course",https://www.scu.edu/business/ms-information-systems/
6,"MSIS classes are mostly conducted in the evenings and on Saturdays to help students maintain work, life and study balance.",https://www.scu.edu/business/ms-information-systems/
7,"Yes, MSIS classes are mostly conducted in the evenings and on Saturdays to help students maintain work, life and study balance.",https://www.scu.edu/business/ms-information-systems/
8,"Yes, MSIS program offers students flexibility to complete the program in between 18 to 27 months. Students can select the program duration based on their preferences of full time or part time course",https://www.scu.edu/business/ms-information-systems/
9,Part-time classes are conducted in evenings and on Saturdays,https://www.scu.edu/business/ms-information-systems/
10,"Yes, SCU offers classes on Saturdays and evenings classes on weekdays",https://www.scu.edu/business/ms-information-systems/
11,"No,MSIS classes are mostly conducted in the evenings and on Saturdays to help students maintain work, life and study balance.",https://www.scu.edu/business/ms-information-systems/
12,"MSIS coursework falls within four broad clusters. The Core Information Systems is comprised of 16 units, the Business Core is 6 units, Electives consist of 16 units and the final 10 units for Integration.  The total unit count for an MSIS degree is 48 units. ",https://www.scu.edu/business/ms-information-systems/
13,"Yes,SCU gives students the choice to select classes according to their interests, needs and schedule. Custom class schedule helps students to choose classes as per their wish!",https://www.scu.edu/business/ms-information-systems/
14,"Yes, SCU's MSIS program is STEM-approved.",https://www.scu.edu/business/ms-information-systems/
15,"To apply for MSIS program, you have to submit an online application form along with $100 fee, resume, business essays, academic transcripts, GMAT or GRE and TOEFL scores and 2 recommendation letters.",https://www.scu.edu/business/ms-information-systems/prospective-students-faq/
16,The application fee for MSIS is $100,https://www.scu.edu/business/ms-information-systems/prospective-students-faq/
17,"The test scores can be electronically reported using the following codes:
GMAT School Code: BV3-WB-59
GRE School Code: 4851
TOEFL School Code: 4851",https://www.scu.edu/business/ms-information-systems/prospective-students-faq/
18,"Yes, if you wish to reserve your seat for more than 21 days, there is an option to pay a deposit of $750.",https://www.scu.edu/business/ms-information-systems/prospective-students-faq/
19,"Yes, the application fee for MSIS is $100",https://www.scu.edu/business/ms-information-systems/prospective-students-faq/
20,"Yes, To apply for MSIS program, you have to submit an online application form along with $100 fee, resume, business essays, academic transcripts, GMAT or GRE and TOEFL scores and 2 recommendation letters.",https://www.scu.edu/business/ms-information-systems/prospective-students-faq/
21,"To apply for MSIS program, you have to submit an online application form.",https://www.scu.edu/business/ms-information-systems/prospective-students-faq/
22,"To apply for MSIS program, you have to submit an online application form along with $100 fee, resume, business essays, academic transcripts, GMAT or GRE and TOEFL scores and 2 recommendation letters.",https://www.scu.edu/business/ms-information-systems/prospective-students-faq/
23,"Students are admitted to the MSIS program for the FALL, WINTER, and SPRING quarters. The corresponding deadlines are:
April 1- Deadline for applicants (international & domestic) who want to be considered for scholarship.  Applications must be submitted with all required documentation.  Applications submitted but missing required documentation, will not be reviewed in this first round and candidates will not be considered for scholarship.
May 1 - Final Deadline for Fall without scholarship consideration
October 15 - Final Deadline for Winter without scholarship consideration
January 20 - Final Deadline for Spring without scholarship consideration",https://www.scu.edu/business/ms-information-systems/prospective-students-faq/
24,"Students are admitted to the MSIS program for the FALL, WINTER, and SPRING quarters.",https://www.scu.edu/business/ms-information-systems/prospective-students-faq/
25,"The application deadlines are same for all students. The corresponding deadlines are:
April 1- Deadline for applicants (international & domestic) who want to be considered for scholarship.  Applications must be submitted with all required documentation.  Applications submitted but missing required documentation, will not be reviewed in this first round and candidates will not be considered for scholarship.
May 1 - Final Deadline for Fall without scholarship consideration
October 15 - Final Deadline for Winter without scholarship consideration
January 20 - Final Deadline for Spring without scholarship consideration",https://www.scu.edu/business/ms-information-systems/prospective-students-faq/
26,"The application deadlines for schollarship is 
April 1- for both international & domestic applicants who want to be considered for scholarship.  Applications must be submitted with all required documentation.  Applications submitted but missing required documentation, will not be reviewed in this first round and candidates will not be considered for scholarship.
",https://www.scu.edu/business/ms-information-systems/prospective-students-faq/
27,"You must hold an undergraduate degree from a regionally accredited U.S. institution or an equivalent four-year bachelor's degree as determined by WES.org and with the following prerequisites:
Statistics - Content should include topics in statistics, descriptive statistics, regression, probability, random variables and distributions, the central limit theorem, confidence intervals and hypothesis testing for 1 & 2 populations, goodness of fit, and contingency tables
Programming Language - One course of college-level programming language, e.g. C, C++recommended
Applicants are eligible to apply without the prerequisite(s), but must fulfill the prerequisite(s) by the end of the first quarter of enrollment. Because of the rigors of the programs, it is recommended that applicants take the prerequisite(s) prior to enrolling.
Courses from Coursera, Udacity, edX, or the like, are not accepted. Prerequisites must be taken at an accredited university. Applicants may take the prerequisites through a University of California Extension, though a comparable university or community college is accepted, if accredited.
",https://www.scu.edu/business/ms-information-systems/prospective-students-faq/
28,"Prerequisites must be taken at an accredited university. Applicants may take the prerequisites through a University of California Extension, though a comparable university or community college is accepted, if accredited.Courses from Coursera, Udacity, edX, or the like, are not accepted.",https://www.scu.edu/business/ms-information-systems/prospective-students-faq/
29,The duration for MSBA is five quarters full-time; two years part-time.,https://www.scu.edu/business/ms-business-analytics/
30,"Yes, MSBA is offered as part time and can be completed in two years.",https://www.scu.edu/business/ms-business-analytics/
31,"Yes, the duration for MSBA is five quarters full-time; two years part-time.",https://www.scu.edu/business/ms-business-analytics/
32,The duration for MSBA is five quarters full-time; two years part-time.,https://www.scu.edu/business/ms-business-analytics/
33,"Yes, MSBA program offers students felxibility to complete the program in between five quarters full time to two years part time. Students can select the program duration based on their preferences of full time or part time course",https://www.scu.edu/business/ms-business-analytics/
34,"MSBA classes are mostly conducted in the evenings and on Saturdays to help students maintain work, life and study balance.",https://www.scu.edu/business/ms-business-analytics/
35,"Yes, MSBA classes are mostly conducted in the evenings and on Saturdays to help students maintain work, life and study balance.",https://www.scu.edu/business/ms-business-analytics/
36,"MSBA classes are mostly conducted in the evenings and on Saturdays to help students maintain work, life and study balance.",https://www.scu.edu/business/ms-business-analytics/
37,"To complete the program, you must complete at least 48 units, spread over 36 units of required (core) units as well as a minimum of 12 units of elective credits. ",https://www.scu.edu/business/ms-business-analytics/curriculum/
38,"Yes,SCU gives students the choice to select elective according to their interests, needs and schedule. Custom class schedule helps students to choose classes as per their wish!",https://www.scu.edu/business/ms-business-analytics/curriculum/
39,"Yes! This means you may be eligible to remain in the United States for an additional period on an Optional Practical Training (OPT) STEM extension after you earn the degree. For details, please see the Santa Clara University Global Engagement website about OPT STEM extension regulations. ",https://www.scu.edu/business/ms-business-analytics/prospective-students-faq/international-applicants/
40,"We require your completed online application along with the fee of $100, resume, 3 essays based on given questions, past academic records, past transcripts, GRE/GMAT score along with your WES report(for international students only). Good luck for your admission process! :)",https://www.scu.edu/business/ms-business-analytics/prospective-students-faq/
41,It's $100. Be sure to go through the application checklist before submission. Good luck!,https://www.scu.edu/business/ms-business-analytics/prospective-students-faq/
42,You can send us the entrance exam scores electronically using the following exam specific codes for our univeristy. GMAT School Code BV3-WB51 / GRE School Code 4851 / TOEFL School Code 4851. You can waive off your TOEFL exam if you get more than 50% in verbal section of GRE or GMAT.,https://www.scu.edu/business/ms-business-analytics/prospective-students-faq/
43,"Yes, if you wish to reserve your seat for more than 21 days, there is an option to pay a deposit of $750.",https://www.scu.edu/business/ms-business-analytics/prospective-students-faq/
44,"Yes, you will have to submit your resume along with your application. Be sure to go through the application checklist before your submission. ",https://www.scu.edu/business/ms-business-analytics/prospective-students-faq/
45,"The application deadlines are the same for both domestic and international students.
For Scholarship Consideration is for FALL is  APR 01, 2019  and Final Deadline MAY 01, 2019     
and for WINTER it is OCT 15, 2019 and SPRING it is JAN 15, 2020. Good luck for your admission.",https://www.scu.edu/business/ms-business-analytics/prospective-students-information/
46,"Students are admitted to the MSBA program for the FALL quarter only. 
The application deadlines are as follows:
April 1- Scholarship Consideration for both international & domestic students
May 1 - Final Deadline without scholarship consideration",https://www.scu.edu/business/ms-business-analytics/prospective-students-information/
47,"The application deadlines are the same for both domestic and international students.
For Scholarship Consideration is for FALL is  APR 01, 2019  and Final Deadline MAY 01, 2019     
and for WINTER it is OCT 15, 2019         
and SPRING      it is  JAN 15, 2020",https://www.scu.edu/business/ms-business-analytics/prospective-students-information/
48,"You must hold an undergraduate degree from a regionally accredited U.S. institution or an equivalent four-year bachelor's degree as determined by WES.org and with the following prerequisites:
 Statistics - Content should include topics in statistics, including descriptive statistics, regression, probability, random variables and distributions, the central limit theorem, confidence intervals and hypothesis testing for 1 & 2 populations, goodness of fit, and contingency tables.
 Calculus 1 - Content should include differential and integral calculus, key concepts of limit, derivative and continuity, derivatives in graphing and optimizing functions, and fundamental theorem of calculus.
 Calculus 2 - Content should include techniques and applications of integration, infinite sequences and series, first ;and second-order ordinary differential equations, exact equations, oscillation and damping, and series solutions of ordinary differential equations.",https://www.scu.edu/business/ms-business-analytics/prospective-students-information/
49,"Prerequisites must be taken at an accredited university. Applicants may take the prerequisites through a University of California Extension, though a comparable university or community college is accepted, if accredited.Courses from Coursera, Udacity, edX, or the like, are not accepted.",https://www.scu.edu/business/ms-business-analytics/prospective-students-information/
50,MSBA program can be completed by Five quarters full-time or two years part-time.,https://www.scu.edu/business/ms-business-analytics/
51,"Yes, we offer Part time courses for MSBA and it takes 2 years to complete the degree",https://www.scu.edu/business/ms-business-analytics/
52,MSBA program can be completed by Five quarters full-time or two years part-time.,https://www.scu.edu/business/ms-business-analytics/
53,"MSBA classes are mostly conducted in the evenings and on Saturdays to help students maintain work, life and study balance.",https://www.scu.edu/business/ms-business-analytics/
54,"To complete the program, you must complete at least 48 units, spread over 36 units of required (core) units as well as a minimum of 12 units of elective credits.",https://www.scu.edu/business/ms-business-analytics/curriculum/
55,"Yes,SCU gives students the choice to select elective according to their interests, needs and schedule. Custom class schedule helps students to choose classes as per their wish!",https://www.scu.edu/business/ms-business-analytics/curriculum/
56,"Yes, you will have to submit your resume along with your application. Be sure to go through the application checklist before your submission. ",https://www.scu.edu/business/ms-business-analytics/prospective-students-information/
57,The MSBA Program does not offer GMAT or GRE waivers. All applicants are required to take either the GMAT or GRE regardless of the number of years of work experience.,https://www.scu.edu/business/ms-business-analytics/prospective-students-information/
58,"We do not prefer one exam over the other. While the  GMAT  (Graduate Management Admissions Test) has been the standard exam used for business schools, the  GRE (Graduate Record Exam) is also accepted. We do not prefer one exam over the other.",https://www.scu.edu/business/ms-degrees/faqs/
59,"MSBA's cost is $1,265 / unit (2019-20 tuition) and 48 units minimum are required to be completed, The University Financial Aid Office can help in locating and applying for these types of aid. You may visit the staff in Patricia A. and Stephen C. Schott Admission and Enrollment Services Building; call (408) 551-1000, or email onestop@scu.edu. 

Federal financial aid is not available for non-US citizens, except in cases where they have attained Permanent Resident status and have made application for citizenship. International students are eligible for scholarships. ",https://www.scu.edu/business/ms-business-analytics/prospective-students-information/
60,"MBA Curriculum consists of 70 units across 14 core courses (42 units), one required elective (2 units) and 26 additional units of free electives.",https://www.scu.edu/business/evening-mba/curriculum/
61,"MBA classes generally meet twice per week (either Mondays & Wednesdays, or Tuesdays & Thursdays) for ten weeks for 95 minutes per session (5:45 - 7:20pm and 7:35 - 9:10pm), during each quarter (fall, winter, spring and summer)",https://www.scu.edu/business/evening-mba/curriculum/
62,"Our Executive MBA is 20-month cohort-based program, designed specifically for experienced professionals, creates innovative leaders who will impact Silicon Valleys future",https://www.scu.edu/business/evening-mba/curriculum/
63,"According to US News and World Report rankings, we are 1st among all Jesuit Schools and 13th in the 2020 U.S. News & World Report Best Graduate Schools
",https://www.scu.edu/business/evening-mba/curriculum/
64,"Please find the detailed information on deadline in the link.
",https://onlinemba.scu.edu/admissions/application-deadlines
65," Our online MBA program's current cost is $1,108 per unit, which is subject to change annually.",#N/A
66,"Our MBA deadlines are as follows:
Fall Quarter:  
for Scholarship Consideration - April 1 
Final Deadline - June 1 
Spring Quarter: 
January 20",https://www.scu.edu/business/evening-mba/prospective-students/
67,"Most of our Graduate Business classes are held in Lucas Hall, home of the Leavey School of Business on the Santa Clara University campus. Some classes may be held in other buildings on campus.",https://www.scu.edu/business/evening-mba/prospective-students/
68,"Our Evening MBA class profile looks as follows:
Women : 42% 

Average age : 31

Student body born outside the U.S. : 26%

Average undergraduate GPA:  3.4

holding an additional graduate degree:  30%

Average GMAT:  610

Average GRE:  313

Average work experience at program entry : 8 years
employed at time of admission : 90%

Employers at time of admission : Adobe, Amazon, Apple, Cisco, Facebook, GAP, Google, Kaiser Permanente, LinkedIn, Salesforce",https://www.scu.edu/business/evening-mba/prospective-students/
69,"Sure! Our undergraduate business program at Santa Clara University’s Leavey School of Business has been ranked among the best in California and the nation by Poets&Quants for Undergrads, “Best Undergraduate Business Schools” exclusive ranking. We are honored to introduce you to our Best and Brightest for 2019.
",https://www.scu.edu/business/undergraduates/
70,Our undergraduate business program is ranked No. 2 in California Meet our Best & Brightest,https://www.scu.edu/business/undergraduates/
71,"SCU students should apply after their junior year winter quarter grades post. The Graduate Programs Office is looking to see how the students performed their winter quarter, and this should align with the May 1st application deadline. This year, Juniors with GPA 3.3 + can apply to the program, to start in the fall of their senior year. Depending on the program they choose and their undergraduate major, the Graduate Programs Office will customize the students’ graduate core classes they will have to take.",https://www.scu.edu/business/undergraduates/news/2018-19/new-4-1-masters-program-offered-to-scu-undergraduates-starting-fall-2019.html
72,"This year, Juniors with GPA 3.3 + can apply to the program, to start in the fall of their senior year. The Graduate Programs Office is looking to see how the students performed their winter quarter, and this should align with the May 1st application deadline. Depending on the program they choose and their undergraduate major, the Graduate Programs Office will customize the students’ graduate core classes they will have to take.",https://www.scu.edu/business/undergraduates/news/2018-19/new-4-1-masters-program-offered-to-scu-undergraduates-starting-fall-2019.html
73,"The proceedure is simple.SCU students should apply after their junior year winter quarter grades post. The Graduate Programs Office is looking to see how the students performed their winter quarter, 
and this should align with the May 1st application deadline. This year, Juniors with GPA 3.3 + can apply to the program, to start in the fall of their senior year. 
Depending on the program they choose and their undergraduate major, the Graduate Programs Office will customize the students’ graduate core classes they will have to take.",https://www.scu.edu/business/undergraduates/news/2018-19/new-4-1-masters-program-offered-to-scu-undergraduates-starting-fall-2019.html
74,GRE/GMAT is not required if going through the early admission to this program and meet the requirements.,https://www.scu.edu/business/undergraduates/news/2018-19/new-4-1-masters-program-offered-to-scu-undergraduates-starting-fall-2019.html
75,"No, There will not be any Saturday or weekend classes.
Usually during the senior year, students would take their regular undergraduate load and would take the graduate courses in the evening,between 4pm to 7pm, most likely 5:45 PM time slot.  ",https://www.scu.edu/business/undergraduates/news/2018-19/new-4-1-masters-program-offered-to-scu-undergraduates-starting-fall-2019.html
76,"In the senior year, students will start taking 4-6 units per quarter, one 4 unit class and in some quarters, an option to also take a 2-unit class.",https://www.scu.edu/business/undergraduates/news/2018-19/new-4-1-masters-program-offered-to-scu-undergraduates-starting-fall-2019.html
77,"Yes! In the senior year students will start taking 4-6 units per quarter, one 4 unit class and in some quarters, an option to also take a 2-unit class.",https://www.scu.edu/business/undergraduates/news/2018-19/new-4-1-masters-program-offered-to-scu-undergraduates-starting-fall-2019.html
78,"Usually during the senior year, students would take their regular undergraduate load and would take the graduate courses in the evening,between 4pm to 7pm, most likely 5:45 PM time slot.  ",https://www.scu.edu/business/undergraduates/news/2018-19/new-4-1-masters-program-offered-to-scu-undergraduates-starting-fall-2019.html
79,"There are very different core courses for each program. For MS in Business Analytics (MSBA) general core will include general business, math and programming. The MS Financial Analytics (MSFA) core will include several levels of finance courses and electives, and for MS Information Systems MSIS the general core would consist of courses like object-oriented programming and networking.",https://www.scu.edu/business/undergraduates/news/2018-19/new-4-1-masters-program-offered-to-scu-undergraduates-starting-fall-2019.html
80,"For MSBA general core will include general business, math and programming.",https://www.scu.edu/business/undergraduates/news/2018-19/new-4-1-masters-program-offered-to-scu-undergraduates-starting-fall-2019.html
81,The MSFA core will include several levels of finance courses and electives,https://www.scu.edu/business/undergraduates/news/2018-19/new-4-1-masters-program-offered-to-scu-undergraduates-starting-fall-2019.html
82,MSIS the general core would consist of courses like object-oriented programming and networking.,https://www.scu.edu/business/undergraduates/news/2018-19/new-4-1-masters-program-offered-to-scu-undergraduates-starting-fall-2019.html
83,"There are very different core courses for each program. For MS in Business Analytics (MSBA) general core will include general business, math and programming. The MS Financial Analytics (MSFA) core will include several levels of finance courses and electives, and for MS Information Systems MSIS the general core would consist of courses like object-oriented programming and networking.",https://www.scu.edu/business/undergraduates/news/2018-19/new-4-1-masters-program-offered-to-scu-undergraduates-starting-fall-2019.html
84,"It depends on what a student plans to do after graduation. If a student has not had access to business school courses, then the 4 +1 program will provide the student the opportunity to take these classes before they go into the real world, especially if they realize that business is their calling. Additionally, 4+1 is a very compelling offer, as the students are taking classes earlier and finishing sooner than otherwise.",https://www.scu.edu/business/undergraduates/news/2018-19/new-4-1-masters-program-offered-to-scu-undergraduates-starting-fall-2019.html
85,"The graduate programs offer them an opportunity to go into any aspect of the business.   Business Analytics and Human Resources are very popular fields. Information Systems people are in high demand in consulting firms, accounting firms and in regular technology companies.  ",https://www.scu.edu/business/undergraduates/news/2018-19/new-4-1-masters-program-offered-to-scu-undergraduates-starting-fall-2019.html
86,To be decided,https://www.scu.edu/business/undergraduates/news/2018-19/new-4-1-masters-program-offered-to-scu-undergraduates-starting-fall-2019.html
87,"The undergraduate students are not eligible for scholarships their senior year. Graduate Programs can not give scholarships to undergraduate students, so undergraduate seniors would not be qualified for scholarships. The following year, when they are full time graduate students, they can be considered for scholarship if they did extremely well academically in the graduate courses taken thus far.",https://www.scu.edu/business/undergraduates/news/2018-19/new-4-1-masters-program-offered-to-scu-undergraduates-starting-fall-2019.html
88,"The next step is to attend the first information session on Wednesday, February 20th from 11:30am to 1pm in Lucas Hall 106 or stop by the Benson Center during our tabling event. 
Make an appointment for a preliminary interview with the Graduate Programs Office.  The interview is important to understand the student’s strength and weakness before applying for 4 +1.   Email msadmissions@scu.edu to request an appointment.",https://www.scu.edu/business/undergraduates/news/2018-19/new-4-1-masters-program-offered-to-scu-undergraduates-starting-fall-2019.html
89,"Application deadline is May 1, 2019. After submission of application,
 Interview will be conducted with a faculty director or a graduate school admission officer.  
 acceptance decision will be made within 3 weeks after the interview",https://www.scu.edu/business/undergraduates/news/2018-19/new-4-1-masters-program-offered-to-scu-undergraduates-starting-fall-2019.html
90,"Some of the options are Accounting, Accounting and Information systems, economics, finance, individual study, management, marketing, management information systems.  ",https://www.scu.edu/business/undergraduates/academics/majors-and-minors/
91,"he SCU accounting program is an eminent provider of accounting professionals and leaders in the Silicon Valley. 
LinkedIn ranks our program as #8 in the nation, based on the success of our graduates, while U.S. News and World Report ranks our program as #19, 
based on a national survey of college officials. We are the sole AACSB-accredited accounting program in Northern California.

",https://www.scu.edu/business/accounting/
92,"LinkedIn ranks our program as #8 in the nation, based on the success of our graduates",https://www.scu.edu/business/accounting/
93,"U.S. News and World Report ranks our program as #19, based on a national survey of college officials",https://www.scu.edu/business/accounting/
94,We are the sole AACSB-accredited accounting program in Northern California,https://www.scu.edu/business/accounting/
95,"Our undergraduate program offers two majors: Accounting and Accounting & Information Systems (A&IS). 
Our renowned Certificate of Advanced Accounting Proficiency (CAAP) program offers an opportunity for college graduates pursuing CPA certification to obtain the accounting 
units required for CPA licensure. 

",https://www.scu.edu/business/accounting/
96,"Our undergraduate program offers two majors: Accounting and Accounting & Information Systems (A&IS). 
Students in both majors are eligible for merit-based accounting scholarships in their sophomore and junior years. 
",https://www.scu.edu/business/accounting/
97,"Our students are highly sought after by national and regional accounting firms. Most of our students participate in internships and externships, 
and then accept full-time job offers before the beginning of their senior years.",https://www.scu.edu/business/accounting/
98,"Our renowned Certificate of Advanced Accounting Proficiency (CAAP) program offers an opportunity for college graduates pursuing CPA certification to obtain the accounting 
units required for CPA licensure. ",https://www.scu.edu/business/accounting/
99,"All students wishing to major in accounting or accounting and information systems must complete both the University core curriculum requirements 
and the Leavey School of Business core requirements, which include ACTG 11 and ACTG 12.
We recommend that these two classes are completed by the end of sophomore year.
In addition, students majoring in accounting or A&IS must complete the following departmental requirements available in the link, respectively
",https://www.scu.edu/business/accounting/academics/
100,"Economics is the study of how societies organize production,distribution, and the exchange of goods and services and 
about choices on how scarce resources are allocated to satisfy human wants. Who wins? Who loses? Why? 
Economists use models that are substantiated by statistical analysis to study important issues such as economic growth, unemployment, productivity and efficiency, 
poverty and inequality, international trade, and the effects of government policy. 
",https://www.scu.edu/business/economics/
101,"The Economics Department offers two undergraduate degrees, one through the College of Arts & Sciences, and the other through the Leavey School of Business. 
Students have the option to choose a concentration in data analysis or mathematical economics. The department also provides foundational courses for the graduate programs. 
Our faculty produce rigorous state-of-the-art research. Students  often serve as research assistants to faculty, gaining hands-on exposure to modern research questions and methods, 
and occasional opportunities for co-authorship.
",https://www.scu.edu/business/economics/
102,"Yes! Students  can serve as research assistants to faculty, gaining hands-on exposure to modern research questions and methods, and occasional opportunities for co-authorship.",https://www.scu.edu/business/economics/
103,"We offer bachelor's and master's degrees as well as an emphasis program for MBA students. If you want to apply the skills you learn in an internship, 
you can take advantage of our extensive network in and around the Valley.
Finance opens all kinds of doors. Our graduates wind up as analysts with banks, VC firms, and tech companies. 
They also go into consulting, management, and accounting.",https://www.scu.edu/business/economics/
104,"A student majoring in Individual Studies in the Business School must be enrolled in the Leavey School of Business. In addition to fulfilling the University Undergraduate Core Curriculum and the core requirements for the bachelor of science in commerce (BSC) in the School of Business, the student must complete the requirements in her or his approved plan of study.
 
 To declare the IS major, the student must submit and obtain approval of a Petition for an Individual Studies major in the Leavey School.",https://www.scu.edu/business/undergraduates/individual-studies-major/
105,"Requirements for the petition and approval
 At the time of application, the student must: 
 
 have been a full-time student at Santa Clara for at least one year, and
 have a minimum 3.0 overall grade point average",https://www.scu.edu/business/undergraduates/individual-studies-major/
106,A student must maintain minimum 3.0 overall grade point average to pursue individual studies major,https://www.scu.edu/business/undergraduates/individual-studies-major/
107,"Yes! the student has to be a full-time student at Santa Clara for at least one year, and also have a minimum 3.0 overall grade point average",https://www.scu.edu/business/undergraduates/individual-studies-major/
108,"As the largest department in the business school, we offer core courses for all undergraduate business majors, MBA, and master’s programs. From learning to manage individual human resource issues to designing the organizational structure of a global company, the breadth of our program allows you to lead at any level. 
 
 Our undergraduate management majors take a rigorous foundation of courses to foster innovative ideas and efficiently work in a variety of organizational structures. We emphasize management as a deliberate practice wherein graduates are theoretically informed, technically skilled, and imbued with a sense of responsibility and care for all stakeholders and the public good. And there is no better place than Silicon Valley to learn about Entrepreneurship and Leading Innovative Organizations through our MBA concentrations.",https://www.scu.edu/business/management/
109,"Our undergraduate management majors take a rigorous foundation of courses to foster innovative ideas and efficiently work in a variety of organizational structures. We emphasize management as a deliberate practice wherein graduates are theoretically informed, technically skilled, and imbued with a sense of responsibility and care for all stakeholders and the public good. And there is no better place than Silicon Valley to learn about Entrepreneurship and Leading Innovative Organizations through our MBA concentrations.",https://www.scu.edu/business/management/
110,"As the largest department in the business school, we offer core courses for all undergraduate business majors, MBA, and master’s programs. From learning to manage individual human resource issues to designing the organizational structure of a global company, the breadth of our program allows you to lead at any level. 
 
 Our undergraduate management majors take a rigorous foundation of courses to foster innovative ideas and efficiently work in a variety of organizational structures. We emphasize management as a deliberate practice wherein graduates are theoretically informed, technically skilled, and imbued with a sense of responsibility and care for all stakeholders and the public good. And there is no better place than Silicon Valley to learn about Entrepreneurship and Leading Innovative Organizations through our MBA concentrations.",https://www.scu.edu/business/management/
111,"Marketing is a crucial part of any business, and it’s about more than just promoting products. Drawing from economics, psychology, sociology, and finance, it entails understanding the competition, connecting with customers, and building brand recognition.
 
 We stay at the top of our field with a faculty equally steeped in research and professional experience. They’ll teach you the latest in web and mobile marketing as well as quantitative methods for gathering precise, useful data. You’ll have the chance to work on real-world projects for companies while learning to apply ethical business practices.
 
 To develop experience beyond the classroom we promote internships at a large companies like Google and Facebook as well as local startups, and support study abroad opportunities by accepting credits from over 70 programs.",https://www.scu.edu/business/marketing/
112,"Yes! To develop experience beyond the classroom we promote internships at a large companies like Google and Facebook as well as local startups, and support study abroad opportunities by accepting credits from over 70 programs.",https://www.scu.edu/business/marketing/
113,"As an undergraduate major in Management Information Systems or Accounting & Information Systems, you’ll have the chance to design applications in the lab and then put your learning to practice through credit bearing internships. Our Master’s in Information Systems students all complete a capstone project, which involves creating and implementing software for a local company.
 
 We’ve been there—members of our faculty have founded companies and worked in both engineering and management. And they are pushing the field forward with research in business intelligence, software engineering, computer security, business analytics, and supply chain management.
 
 No other school teaches information systems and analytics like we do. You’ll be at the forefront of the discipline and have fantastic job prospects when you graduate.",https://www.scu.edu/business/isa/
114," We’ve been there—members of our faculty have founded companies and worked in both engineering and management. And they are pushing the field forward with research in business intelligence, software engineering, computer security, business analytics, and supply chain management.
 
 No other school teaches information systems and analytics like we do. You’ll be at the forefront of the discipline and have fantastic job prospects when you graduate.",https://www.scu.edu/business/isa/
115,"To qualify for the degree of bachelor of science in commerce, students must complete a minimum of 175 quarter-units of credit (of which at least 60 must be in upper-division courses) and satisfy the requirements of the Undergraduate Core Curriculum, the Leavey School of Business curriculum, and the departmental major.",https://www.scu.edu/business/undergraduates/academics/lsb-core-curriculum/
116,"Yes! Your education includes learning about your role in the larger community, whether it's being an active participant in the many student organizations across campus, or finding a place in the neighborhoods outside the campus boundaries.",https://www.scu.edu/business/undergraduates/community/
117,"There are various awards awarded to extrodinary students. The mission of Beta Gamma Sigma is to encourage and honor academic achievement in the study of business and personal and professional excellence. Membership is offered to students who show promise of success in the field of business and rank in the top seven percent of their junior class or in the top 10 percent of their senior class.
 
  
 Leavey Scholars
 Business sophomores who have maintained a cumulative SCU GPA in the top 10 to 15% of their class through the end of the spring quarter of their first year (usually a minimum of GPA of 3.7 or better) are invited to become Leavey Scholars.",https://www.scu.edu/business/undergraduates/community/honors-and-awards/
118,"1. Beta Gamma Sigma is to encourage and honor academic achievement in the study of business and personal and professional excellence. Membership is offered to students who show promise of success in the field of business and rank in the top seven percent of their junior class or in the top 10 percent of their senior class.
 
  
 2. Leavey Scholars
 Business sophomores who have maintained a cumulative SCU GPA in the top 10 to 15% of their class through the end of the spring quarter of their first year (usually a minimum of GPA of 3.7 or better) are invited to become Leavey Scholars.",https://www.scu.edu/business/undergraduates/community/honors-and-awards/
119, Business sophomores who have maintained a cumulative SCU GPA in the top 10 to 15% of their class through the end of the spring quarter of their first year (usually a minimum of GPA of 3.7 or better) are invited to become Leavey Scholars.,https://www.scu.edu/business/undergraduates/community/honors-and-awards/
120,"The Beta Gamma Sigma membership is offered to students who show promise of success in the field of business and rank in the top seven percent of their junior class or in the top 10 percent of their senior class.
 ",https://www.scu.edu/business/undergraduates/community/honors-and-awards/
121,"Yes! The mission of Beta Gamma Sigma is to encourage and honor academic achievement in the study of business and personal and professional excellence. Membership is offered to students who show promise of success in the field of business and rank in the top seven percent of their junior class or in the top 10 percent of their senior class.
 ",https://www.scu.edu/business/undergraduates/community/honors-and-awards/
122,"Leavey Scholars enjoy benefits such as:
 
 Special 'honors' sections offered only to similiarly motivated students
 Early registration
 Upon completion of the program, the desgination ""Leavey Scholar"" on the transcript",https://www.scu.edu/business/undergraduates/community/honors-and-awards/
123,"As a part of Santa Clara University's larger Thriving Neighbors Initiative, the Neighborhood Prosperity Initiative connects you and the knowledge you gain in the classroom with a community in need.
 
 The Neighborhood Prosperity Initiative has two goals for you:
 
 Hands on, community-based learning
 Collaboration with community partners",https://www.scu.edu/business/undergraduates/community/npi/
124,Please explore the following link to know more about SCU's study abroad initiatives for undergrads.,https://www.scu.edu/globalengagement/study-abroad/
125,"The Leavey School of Business Community Fellows Program places talented and committed undergraduate business students in paid, year-long internships at nonprofit and government organizations. Fellowships require a year- long commitment from students and pay students at a rate competitive with internships in the for-profit sector. Fellows participate in a 1-unit seminar during each quarter. The seminar provides academic background on poverty and social issues to inform their work and a venue in which interns can learn from each other, reflect on their experiences, and continue to build a network of relationships in the community.
 
 Student learning from the Fellows program combines social justice with economic observations and professional development insight.",https://www.scu.edu/business/undergraduates/community/community-fellows/
126,"MSFA Program is 10 month long full-time program and a part-time option is also available.
",https://www.scu.edu/business/ms-finance/
127,Yes we do offer part time courses for MSFA,https://www.scu.edu/business/ms-finance/
128,"Yes MSFA Program is 10 month long full-time program and a part-time option is also available.
",https://www.scu.edu/business/ms-finance/
129,MSFA classes are held in Evenings and we have Saturday classes also.,https://www.scu.edu/business/ms-finance/
130,"Yes, MSFA classes are held in Evenings for working professionals and we have Saturday classes also.",https://www.scu.edu/business/ms-finance/
131,"We have two full-time options; an intensive 10-month or a 16-month program or a flexible, part-time one. Below is the list of the core classes and elective options.1

MSFA Core classes:
Financial Forecasting & Analysis (pre-Fall; course starts ahead of the Fall quarter), Corporated Finance, Investments, Math for Finance & Analytics, R Programming, Data Analytics (with Python), Econometrics, Time-Series Analysis, Analytics for Finance,Database Management Systems - Fundamentals of SQL

Elective Options:International Financial Management, Mergers, Acquisitions & Corporate Governance, Real Estate Finance, Risk Management, Emerging Company Finance, Business Valuation, Financial Engineerin, Behavioral Corporate Finance, Financial Markets & Instruments,FinTech,Machine Learning,Social Network Analytics""",https://www.scu.edu/business/ms-finance/
132,"Yes you would have options of choosing courses from elective options such as :  Elective Options: International Financial Management, Mergers, Acquisitions & Corporate Governance, Real Estate Finance, Risk Management, Emerging Company Finance, Business Valuation, Financial Engineerin, Behavioral Corporate Finance, Financial Markets & Instruments,FinTech,Machine Learning,Social Network Analytics""",https://www.scu.edu/business/ms-finance/
133,"Yes, Our STEM certified MSF program meets the demand of the future and enhances the educational experience of international students through practical training.",https://www.scu.edu/business/ms-finance/
134,"Application requirement for MSFA are as follows: Submit an online application form and $100 application fee , Resume, Business Essays, Official GMAT or GRE exam scores, Official TOEFL exam scores, Two (2) Letters of Recommendation.",https://www.scu.edu/business/ms-finance/prospective-students-information/
135,Application fee for MSFA $100 ,https://www.scu.edu/business/ms-finance/prospective-students-information/
136,"School codes for reporting for each exam are as follows:
GMAT – School code BV3-WB51
GRE- School code 4851
Official TOEFL exam results:  School code 4851

TOEFL is waived if the Verbal section of the GMAT or GRE is above the 50% mark.
",https://www.scu.edu/business/ms-finance/prospective-students-information/
137,"Yes, if you wish to reserve your seat for more than 21 days, there is an option to pay a deposit of $750.",https://www.scu.edu/business/ms-finance/prospective-students-information/
138,"Yes, you will have to submit your resume along with your application. Be sure to go through the application checklist before your submission. ",https://www.scu.edu/business/ms-finance/prospective-students-information/
139,You can apply online to for MSFA admissions,https://www.scu.edu/business/ms-finance/
140,"April 1 is the deadline for Scholarship Consideration for both international & domestic with Completed application and May 1 is Final Deadline without scholarship consideration. Students are admitted to the MSFA program for the FALL quarter only. 
Most decisions will be made by April 20 and rolling admissions thereafter.",https://www.scu.edu/business/ms-finance/prospective-students-information/
141,"Students are admitted to the MSFA program for the FALL quarter only. April 1 is the deadline for Scholarship Consideration for both international & domestic with Completed application and May 1 is Final Deadline without scholarship consideration. 
Most decisions will be made by April 20 and rolling admissions thereafter.",https://www.scu.edu/business/ms-finance/prospective-students-information/
142,"For MSFA admission prerequisites are, undergraduate degree from a regionally accredited U.S. institution or an equivalent four-year bachelor's degree as determined by WES.org, 

Statistics
, 
Calculus.
 Applicants are eligible to apply without the prerequisite(s), but must fulfill the prerequisite(s) by the end of the first quarter of enrollment. Because of the rigors of the programs, it is recommended that applicants take the prerequisite(s) prior to enrolling.

Courses from Coursera, Udacity, edX, or the like, are not accepted. Prerequisites must be taken at an accredited university. Applicants may take the prerequisites through a University of California Extension, though a comparable university or community college is accepted, if accredited.",https://www.scu.edu/business/ms-finance/prospective-students-information/
143,A waiver may be considered for candidates with a high level of skill necessary for academic success. Contact our MS Admissions Office for an application for the GMAT/GRE waiver.,https://www.scu.edu/business/ms-finance/prospective-students-information/
144,"Per unit fee for MSFA is 
$1,265 (2019-20 tuition)
 and we have 
46 units to complete for degree 

",https://www.scu.edu/business/ms-finance/prospective-students-information/
145,"Campus safety is dedicated to ensuring the safety, security and peace of the University campus. We support and facilitate the achievement of the University mission and objectives by maintaining a peaceful, safe and secure campus environment that is accessible and inviting to students, faculty, staff and guests. 

We are the primary protectors of the University.  We serve to protect its facilities, assets, and social atmosphere.  It is our duty to be the first responders to medical, fire and other emergencies. 

We aim to achieve a zero-crime environment through proactive patrolling, community-wide crime prevention programs and an effective partnership with local law enforcement and emergency services agencies.

We maintain twenty-four hour dispatch and patrol staffing to assist the campus community with escort, parking, motorist assistance, information, event planning, fire and life safety, and environmental health and safety services.""
",https://university-operations.scu.edu/campus-safety/
146,"Campus Safety is open 24 hours a day, dedicated to ensuring the safety, security and peace of the University campus. They maintain a campus environment that is accessible and inviting to students, faculty, staff, and guests. They are the primary protectors of the University. It is their duty to be the first responders to medical, fire and other emergencies.",https://university-operations.scu.edu/campus-safety/
147,Main Office: (408) 554-4441 | Emergency: (408) 554-4444 | Email: campussafety@scu.edu,https://university-operations.scu.edu/campus-safety/
148,"""If you are the victim of a crime, the witness to a crime or suspect a crime has been committed, contact Campus Safety immediately at:

Emergency Line:  (408) 554-4444

Campus Safety Main Office:  (408 554-4441

Alternatively, you can reach Campus Safety through any of the Emergency Phone located throughout campus.  This secured line provides direct contact to our Safety Officers, staffed 24 hours a day, 7 days a week.

The sooner you call, the more likely Campus Safety can apprehend the suspect.  For further suggestions on what should be done during an emergency, please browse our Emergency Procedures Handbook.""
",https://university-operations.scu.edu/campus-safety/crime-reporting/
149,"Event Security Services , Lockouts Services, Vehicle Services, Security Escorts Services, Lost & Found Services",https://university-operations.scu.edu/campus-safety/services/
150,"The Campus Safety Office is located in the lower level, south corner of the Main Parking Structure",https://university-operations.scu.edu/campus-safety/faqs/
151,"Yes, Campus Safety operates Santa Clara University's Lost & Found. Found items are maintained at the Campus Safety Main office, located on the lower level of the Main Parking Structure. To report a found item online, please fill out this form >>Found Property Report Form. If you have lost a personal property, you can fillout an online form>>Lost Property Report Form We will contact you if we find an item that matches yours.",https://university-operations.scu.edu/campus-safety/services/
152,"Campus Safety officers, while trained in basic emergency care, are not a substitute for advanced life support.  In any medical emergency where there is an immediate danger to life, dial 911 without delay.  ",https://university-operations.scu.edu/campus-safety/
153,"The Emergency Call Boxes can be used in any situation in which the services of Campus Safety are required. They can be used to report emergencies, request an escort across campus, report possible crimes, or any other situations which you deem appropriate. ",https://university-operations.scu.edu/campus-safety/
154,"The Campus Safety Office is staffed 24 hours a day, 7 days a week. If you contact Campus Safety at any time, they will respond to you. There are no contracted security officers on campus; they are all Santa Clara University employees.",https://university-operations.scu.edu/campus-safety/
155,"""Normal Hours of Operation         
Monday-Friday        7:00 a.m.-1:00 a.m.
Saturday-Sunday        8:00 a.m.-1:00 a.m.
",https://www.scu.edu/benson/
156,All students who are part of a Registered Student Organization (RSO) or Chartered Student Organization (CSO) must fill out an Event Planning Request Form to request rooms or tables in Benson Memorial Center. Samantha Kibbish assists all student organizations with reserving spaces across campus.,https://www.scu.edu/benson/reservingspaces/
157,"Leah Nakasaki-Peterson
 Assistant Director, Student Centers (Daytime)
 (408) 554-4944
 lnakasaki@scu.edu
 Corey Valine
 Assistant Director, Student Centers (Evening)
 (408) 551-3273
 cvaline@scu.edu",https://www.scu.edu/benson/contactus/
158,"Benson centre, Building 301, is located right across the Learning commons and Library",https://www.scu.edu/map/index.php
159,"Few advertising options at Benson are Balcony Banners, Bulletin Boards, Digital Display Monitors",https://www.scu.edu/benson/advertising/
160,You can access the online Library catalog through the given link,https://sculib.scu.edu/iii/cas/login?service=https%3A%2F%2Fsculib.scu.edu%3A443%2Fpatroninfo%2F%3F%2FitemsIIITICKET&scope=0
161,"All online collaborative room reservations can be made using the web interface available at www.scu.edu/rooms. Making a reservation through this site will require you to log in using your SCU ID, to ensure rooms are reserved only by members of the Santa Clara community and that your reservation cannot be modified or deleted by someone else. Students are limited to a total of four hours of reservations per day, in any combination of times",https://www.scu.edu/is/lctcl/group-study-rooms/
162,"Most regular circulating items may be borrowed for 42 days, except at the end of the term when a final due date may be established.
 There is a limit of 3 online renewals for regular circulating items and 1 online renewal for 7-day items.",https://www.scu.edu/library/circulation/policies/
163,"Library materials not returned by the third overdue notice will result in a block on your library privileges.
 Further delays in returning library materials will result in each overdue item being billed at $125.
 Students: Bills for lost materials will be transferred to your bursar account and may result in a hold on your student account.",https://www.scu.edu/library/circulation/policies/
164,Please refer to the given link for the timing,https://www.scu.edu/library/hours/
165,"Please refer to the given link for :
 Google Maps
 Campus map
 Floor plans and internal directions",https://www.scu.edu/library/maps/
166,"You will be assigned your own personal librarian when you start, you can contact them for any assistance with library resources thereafter",https://www.scu.edu/library/contact-us/
167,"At the Leavey School of Business, we offer three MBA programs designed with you, the working professional, in mind. Our Evening MBA and new Online MBA programs are designed for those with three or more years of professional work experience. Our Executive MBA program caters to those with at least 10 years of professional work experience.",https://www.scu.edu/business/mba-degrees/
168,"Evening MBA. When we say Northern California innovation walks through our doors after hours, we mean it. Working professionals are attending our evening MBA program and earning degrees in two years. It’s a part-time program that harnesses the influence of global business models to deliver an exceptional education based on real-world applications. Our MBA gives you unprecedented access to a rich network of peers, professionals, and professors in leadership roles. They are today’s entrepreneurial vanguard who work in some of the world’s most innovative companies.",https://www.scu.edu/business/evening-mba/
169,"Class Profile for evening MBA is as follows: Women : 42%
 Average age : 31
 Student body born outside the U.S. : 26%
 Average undergraduate GPA 3.4
 % holding an additional graduate degree 30%
 Average GMAT 610
 Average GRE 313
 Average work experience at program entry : 8 years
 % employed at time of admission : 90%
 Employers at time of admission : Adobe, Amazon, Apple, Cisco, Facebook, GAP, Google, Kaiser Permanente, LinkedIn, Salesforce",https://www.scu.edu/business/evening-mba/prospective-students/
170,"Per unit fee for MBA is and we have $1,108/unit (2018-19 tuition) 70 units to complete degree (approximately $77,560)
",https://www.scu.edu/bursar/
171,"We admit students to the Evening MBA in two quarters, Fall and Spring with the following application deadlines:
 
 Fall Quarter 
 April 1 for Scholarship Priority
 June 1 Final Deadline (Scholarships are still available!)
 
 Spring Quarter
 January 20
 
 Students are admitted on a rolling basis.",https://www.scu.edu/business/evening-mba/prospective-students/
172,"Admissions for MBA require Online application with Application fee of $100 (non-refundable), submit GMAT/GRE scores (a waiver is available for qualifying applicants), 4-year bachelor's degree, Official transcripts from all colleges and/or university-level institutions attended*, 3 essays (1000 word maximum), 2 letters of recommendation, Resume/CV, 3 or more years of professional work experience, TOEFL or IELTS scores, Personal admission interview",https://www.scu.edu/business/evening-mba/prospective-students/
173,"Evening MBA has exciting new part-time program, Evening classes meet twice per week: 5:45 - 9:10, Core classes are cohort style, Elective courses are flexible, 70 units at $1108 per unit, 2 years to complete , Open to US citizens, permanent residents, international candidates",https://www.scu.edu/business/evening-mba/prospective-students/
174,"International applicants, please visit the following link to know more information about our MBA program.",https://www.scu.edu/business/evening-mba/prospective-students/international-applicants/
175,"Data reported say's increase in income, an improvement (increase in title) in current company, good internship offer, can start their own business at graduation",https://www.scu.edu/business/evening-mba/prospective-students/
176,"During each quarter (fall, winter, spring and summer), classes generally meet twice per week (either Mondays & Wednesdays, or Tuesdays & Thursdays) for ten weeks for 95 minutes per session (5:45 - 7:20pm and 7:35 - 9:10pm). 2-unit courses generally meet twice per week for five weeks covering the first or second half of a quarter. 1-unit courses generally meet once per week for five weeks covering the first or second half of a quarter. In all quarters, final exam periods are two hours.",https://www.scu.edu/business/evening-mba/curriculum/
177,"The Santa Clara MBA curriculum consists of 70 units across 14 core courses (42 units), one required elective (2 units) and 26 additional units of free electives. While entering students are recommended a particular schedule for their first year, there is considerable flexibility in the order in which courses are taken (with the caveat that all prerequisites must be satisfied before enrolling in a particular course). Math analysis/calculus and basic statistics proficiency is expected when entering the MBA program.",https://www.scu.edu/business/evening-mba/curriculum/
178,"Core Courses
 Courses Units Description
 IDIS 3700* 2 Units Effective Business Communications
 ACTG 3000 4 units Financial Accounting
 ECON 3000 4 units Managerial Economics
 FNCE 3000 4 units Financial Management
 MGMT 3000* 4 units Leading People and Organizations
 MGMT 3200 2 units Business Ethics
 MGMT 3050 4 units Strategy
 MKTG 3000 4 units Marketing is Everything
 MKTG 3200 2 units Doing Business in Silicon Valley
 OMIS 3000 4 units Business Analytics
 OMIS 3200 2 units Quantitative Methods
 OMIS 3202 2 units Analytical Decision Making
 OMIS 3250 2 units Analysis, Design, and Management of Enterprise Platforms
 OMIS 3252 2 units Operations Management
 Required “Challenges in” Elective 2 units 
 Free Elective Courses 26 units 
 Experimental Courses 
 Independent Study 
 †Note: Courses are subject to change and availability in a given quarter is not guaranteed. *IDIS 3700 course is a 2 unit class only for students starting in the Fall 2018. MGMT 3000 is taught as an Intensive Course over 4- 5 days (weekends and evenings) before the start of the first quarter.",https://www.scu.edu/business/evening-mba/curriculum/
179,PFB link to know more about evening MBA faculty,https://www.scu.edu/business/evening-mba/faculty/
180,PFB link to know more about contact information for each departments,https://www.scu.edu/business/evening-mba/contact-us/
181,Please find more information in the link below,https://onlinemba.scu.edu/scu-h2?utm_expid=.mSy65QjLQ1mpnis_kKoQsw.1&utm_referrer=https%3A%2F%2Fwww.scu.edu%2Fbusiness%2Fmba-degrees%2F
182,"SCU’s Executive MBA program fast tracks your path to leadership. Our 20-month cohort-based program, designed specifically for experienced professionals, creates innovative leaders who will impact Silicon Valley's future.",https://www.scu.edu/business/executive-mba/
183,"Our Distinctive Curriculum Focuses on 4 Key Competencies:
 Strategic Leadership
 Innovative & Entrepreneurial Thinking
 Cross Functional Execution
 Analytical Decision Making",https://www.scu.edu/business/executive-mba/
184,"We focus on building a valuable experience throughout your journey in our program.
 
 Professional Advancement, Global Immersion, Personalization, Networking, Bronco DNA: Our weeklong retreat blends
 (a) Mindfulness and spiritual training to impart our Jesuit philosophy
 (b) Innovation Bootcamp
 (c) Leadership training
 (d) Crisis Management Bootcamp
 (e) Professional Communication Coaching",https://www.scu.edu/business/executive-mba/program-experience/
185,"20 Month Program: August 2019 - March 2021
 Classes meet every other weekend
 Fridays from 5-9pm and Saturdays from 9am - 5pm
 Cohort size of 25- 30 students",https://www.scu.edu/business/executive-mba/prospective-students-information/
186,"Admissions for EMBA require Online application with Application fee of $100 (non-refundable), submit GMAT/GRE scores (a waiver is available for qualifying applicants), 4-year bachelor's degree, Official transcripts from all colleges and/or university-level institutions attended*, 3 essays (1000 word maximum), 2 letters of recommendation, Resume/CV, 3 or more years of professional work experience, TOEFL or IELTS scores, Personal admission interview",https://www.scu.edu/business/executive-mba/prospective-students-information/
187,"We admit students to the Executive MBA in Fall only with the following application deadlines:
 
 April 1 for Scholarship Consideration
 June 1 Final Deadline
 
 Students are admitted on a rolling basis.",https://www.scu.edu/business/executive-mba/prospective-students-information/
188,"$103,335 (2018-19 tuition) 
 Inclusive of tuition, books, meals and parking during academic terms, international in-country travel and accommodations for mandatory international trip",https://www.scu.edu/business/executive-mba/prospective-students-information/
189,"Fall 2017 Incoming Class Demographics
 
 Average age : 42
 Average work experience : 18 years
 Employed at time of admission : 100%
 % women : 62%
 Prominent employers Plantronics, Facebook, Adobe Systems, Virtusa Corporation, Cisco Systems, Dell, TechCrunch",https://www.scu.edu/business/executive-mba/prospective-students-information/
190,"Typical job titles: President & CEO, Senior Program Manager, Independent Consultant, Staff Application Engineer, Senior Event Manager, Senior Marketing and Application Manager, Director of Global Enterprise Solutions",https://www.scu.edu/business/executive-mba/prospective-students-information/
191,"SCU's EMBA curriculum is rigorous and relevant and prepares you for innovative and impactful leadership in Silicon Valley.Year 1 Term 1 Leadership is Everyone's Business
   Strategic Management
   Analytical Decisions
   Managing Organizations and Teams
   Term 2 Economics and Global Business
   Financial Accounting
   Finance
   Term 3 Marketing Strategy
   Managing Operations, Technologies and Supply Chains
   Business Ethics
   Creativity
   International Residency
 Year 2 Term 4 New Venture Creation
   New Product Innovation and Management
   Negotiations 
   Corporate Entrepreneurship
   Term 5 Strategy and Business Model Innovation 
   Electives
   The Personal Journey for Leaders",https://www.scu.edu/business/executive-mba/curriculum/
192,"MS in Information Systems, Business Analytics, Computer Science, Mechanical, Software Engineering, Electrical are all Stem Approved",https://www.scu.edu/engineering/graduate/programs-and-degrees/
193,Please find the academic calender with important dates in given link,https://www.scu.edu/ecp/current-students/academiccalendar/
